id,status,added_files,total_changes,deleted_files,modified_files,build_correction_intervals,total_builds,success_builds,failed_builds,ci_latency,time_between_first_and_last_comment,reviews_number,first_response_time,total_jobs,success_jobs,failed_jobs,mention_number,review_time,participants_number,source_code_added_lines,source_code_removed_lines,test_code_added_lines,test_code_removed_lines,total_comments,general_comments,inline_comments,effective_comments,average_time_between_comments,tests_run,tests_fail,tests_error,skipped_tests,self_merged_commits
5767,merged,0,1,0,1,0,1,0,1,-6254,5.992310449541053e+307,0,5.992310449541053e+307,3,0,1,0,30757,1,10,0,10,0,0,0,0,0,0,0,0,0,0,1
5754,merged,0,1,0,1,0,1,0,1,-8036,5.992310449541053e+307,0,5.992310449541053e+307,3,1,1,0,314835,1,1,1,1,1,0,0,0,0,0,0,0,0,0,1
5752,merged,0,1,0,1,0,1,0,1,-14337,5.992310449541053e+307,0,5.992310449541053e+307,3,1,1,0,16459,1,1,1,1,1,0,0,0,0,0,0,0,0,0,1
5711,merged,0,6,0,6,0,3,0,3,1540265639,5.992310449541053e+307,0,5.992310449541053e+307,9,0,3,0,1540582521,1,95,12,95,12,0,0,0,0,0,0,0,0,0,4
5710,merged,0,4,0,4,0,7,0,7,15500151,5.992310449541053e+307,0,5.992310449541053e+307,21,0,7,0,21192866,1,39,3,39,3,0,0,0,0,0,0,0,0,0,6
5708,merged,0,3,0,3,0,6,0,6,4798441,5.992310449541053e+307,0,5.992310449541053e+307,18,0,6,0,5041308,1,9,3,9,3,0,0,0,0,0,0,0,0,0,5
5687,merged,0,1,0,1,0,1,0,1,-77712,5.992310449541053e+307,0,5.992310449541053e+307,3,1,1,0,11627,1,1,1,1,1,0,0,0,0,0,0,0,0,0,1
5686,merged,0,3,0,3,0,1,0,1,369,5.992310449541053e+307,0,5.992310449541053e+307,3,1,1,0,252107,1,30,2,30,2,0,0,0,0,0,0,0,0,0,1
5387,merged,0,1,0,1,0,1,0,1,-34209,5.992310449541053e+307,0,5.992310449541053e+307,3,1,1,0,5684,1,0,20,0,20,0,0,0,0,0,0,0,0,0,0
5386,merged,0,3,0,3,0,1,0,1,-37594,5.992310449541053e+307,0,5.992310449541053e+307,3,1,1,0,6969,1,91,64,91,64,0,0,0,0,0,0,0,0,0,0
5384,merged,0,5,0,5,0,1,0,1,-159835,5.992310449541053e+307,0,5.992310449541053e+307,3,1,1,0,45373,1,111,0,111,0,0,0,0,0,0,0,0,0,0,0
5383,merged,0,1,0,1,0,1,0,1,-48089,5.992310449541053e+307,0,5.992310449541053e+307,3,1,1,0,10448,1,1,1,1,1,0,0,0,0,0,0,0,0,0,0
5382,merged,0,1,0,1,0,1,0,1,-7141,5.992310449541053e+307,0,5.992310449541053e+307,3,1,1,0,8583,1,1,5,1,5,0,0,0,0,0,0,0,0,0,0
5381,merged,0,1,0,1,0,1,0,1,-219415,5.992310449541053e+307,0,5.992310449541053e+307,3,1,1,0,137796,1,9,1,9,1,0,0,0,0,0,0,0,0,0,0
5209,merged,1,6,0,5,0,1,0,1,-55518,5.992310449541053e+307,0,5.992310449541053e+307,3,1,1,0,133953,1,119,0,119,0,0,0,0,0,0,0,0,0,0,0
4788,merged,0,1,0,1,0,1,1,0,-8031,5.992310449541053e+307,0,5.992310449541053e+307,3,3,0,0,7816,1,2,2,2,2,0,0,0,0,0,0,0,0,0,1
4787,merged,0,1,0,1,0,1,1,0,-8771,5.992310449541053e+307,0,5.992310449541053e+307,3,3,0,0,14744,1,1,1,1,1,0,0,0,0,0,0,0,0,0,1
4786,merged,0,1,0,1,0,1,0,1,-18.97,5.992310449541053e+307,0,5.992310449541053e+307,3,3,0,0,6719,1,1,1,1,1,0,0,0,0,0,0,0,0,0,1
4785,merged,0,1,0,1,0,1,0,1,-7938,5.992310449541053e+307,0,5.992310449541053e+307,3,3,0,0,5483,1,6,1,6,1,0,0,0,0,0,0,0,0,0,1
4783,merged,0,1,0,1,0,1,0,1,-7773,5.992310449541053e+307,0,5.992310449541053e+307,3,0,1,0,9408,1,2,2,2,2,0,0,0,0,0,0,0,0,0,1
4782,merged,0,3,0,3,0,1,0,1,-24455,5.992310449541053e+307,0,5.992310449541053e+307,3,1,1,0,15041,1,16,12,16,12,0,0,0,0,0,0,0,0,0,1
4781,merged,0,1,0,1,0,1,0,1,-10943,5.992310449541053e+307,0,5.992310449541053e+307,3,0,1,0,8762,1,3,7,3,7,0,0,0,0,0,0,0,0,0,1
4780,merged,0,2,0,2,0,2,0,2,129.12,5.992310449541053e+307,0,5.992310449541053e+307,6,2,2,0,152453,1,6,6,6,6,0,0,0,0,0,0,0,0,0,2
4777,merged,1,9,0,8,0,1,0,1,-6427984,5.992310449541053e+307,0,5.992310449541053e+307,3,3,0,0,11893,1,453,36,453,36,0,0,0,0,0,0,0,0,0,1
4775,merged,0,8,0,8,0,1,0,1,-6407238,5.992310449541053e+307,0,5.992310449541053e+307,3,3,0,0,112401,1,75,10,75,10,0,0,0,0,0,0,0,0,0,0
4765,merged,3,10,0,7,0,1,0,1,-69167,5.992310449541053e+307,0,5.992310449541053e+307,3,3,0,0,7241,1,298,38,298,38,0,0,0,0,0,0,0,0,0,0
4748,merged,0,1,0,1,0,1,0,1,-48842,5.992310449541053e+307,0,5.992310449541053e+307,3,3,0,0,12067,1,0,2,0,2,0,0,0,0,0,0,0,0,0,0
4725,merged,6,8,0,2,0,4,1,3,583621.93,5.992310449541053e+307,0,5.992310449541053e+307,12,6,2,0,583634.11,1,369,8,370,14,0,0,0,0,0,0,0,0,0,0
4724,merged,2,13,0,11,0,3,1,2,755551404,5.992310449541053e+307,0,5.992310449541053e+307,9,5,2,0,755948986,2,230,22,230,22,0,0,0,0,0,0,0,0,0,0
4680,merged,0,7,0,7,0,2,1,1,5830874,5.992310449541053e+307,0,5.992310449541053e+307,6,6,0,0,6175033,1,44,17,44,17,0,0,0,0,0,0,0,0,0,2
4664,merged,0,22,18,4,0,1,1,0,-28826,5.992310449541053e+307,0,5.992310449541053e+307,3,3,0,0,315423,1,3,121,4,144,0,0,0,0,0,0,0,0,0,1
4658,merged,0,6,0,6,0,2,0,2,524693,5.992310449541053e+307,0,5.992310449541053e+307,6,6,0,0,1229673,1,203,161,203,161,0,0,0,0,0,0,0,0,0,2
4655,merged,0,5,0,5,72465119,2,1,1,72465178,5.992310449541053e+307,0,5.992310449541053e+307,4,1,1,0,72482292,1,40,28,40,28,0,0,0,0,0,0,0,0,0,0
4654,merged,1,7,0,6,0,1,1,0,-11.53,5.992310449541053e+307,0,5.992310449541053e+307,2,1,0,0,126214,1,384,52,384,52,0,0,0,0,0,0,0,0,0,5
4652,merged,0,9,0,9,0,2,1,1,21359067,5.992310449541053e+307,0,5.992310449541053e+307,4,1,1,0,21378.51,1,73,31,73,31,0,0,0,0,0,0,0,0,0,0
4651,merged,1,7,0,6,0,2,2,0,12334311,5.992310449541053e+307,0,5.992310449541053e+307,4,2,0,0,12498025,1,26,5,26,5,0,0,0,0,0,0,0,0,0,3
4649,merged,0,2,0,2,0,1,1,0,-64099,5.992310449541053e+307,0,5.992310449541053e+307,2,1,0,0,11311,1,150,145,150,145,0,0,0,0,0,0,0,0,0,0
4647,merged,0,4,0,4,0,1,1,0,-32217,5.992310449541053e+307,0,5.992310449541053e+307,2,1,0,0,87599,1,314,337,314,337,0,0,0,0,0,0,0,0,0,1
4641,merged,1,16,2,13,0,3,3,0,183906.37,5.992310449541053e+307,0,5.992310449541053e+307,6,3,0,0,184970698,1,276,425,276,425,0,0,0,0,0,0,0,0,0,2
4639,merged,0,1,0,1,0,2,2,0,4418511,5.992310449541053e+307,0,5.992310449541053e+307,4,2,0,0,4539185,1,1,1,1,1,0,0,0,0,0,0,0,0,0,1
4634,merged,2,59,6,51,0,2,2,0,86051412,5.992310449541053e+307,0,5.992310449541053e+307,4,2,0,0,86197914,1,171,1168,437,1432,0,0,0,0,0,0,0,0,0,1
4633,merged,0,2,0,2,0,2,2,0,2537906,5.992310449541053e+307,0,5.992310449541053e+307,4,2,0,0,2696458,1,3,3,3,3,0,0,0,0,0,0,0,0,0,1
4631,merged,7,29,9,13,0,5,5,0,251016428,5.992310449541053e+307,0,5.992310449541053e+307,10,5,0,0,252085542,1,328,266,333,318,0,0,0,0,0,0,0,0,0,5
4630,merged,0,68,44,24,0,5,5,0,886012486,5.992310449541053e+307,0,5.992310449541053e+307,10,5,0,0,886248693,1,262,4115,262,4115,0,0,0,0,0,0,0,0,0,0
4629,merged,0,2,0,2,0,1,1,0,-12074,5.992310449541053e+307,0,5.992310449541053e+307,2,1,0,0,8395,1,2,1,2,1,0,0,0,0,0,0,0,0,0,0
4627,merged,4,44,0,40,0,1,1,0,-511735.95,5.992310449541053e+307,0,5.992310449541053e+307,2,1,0,0,10434,1,1717,637,1717,637,0,0,0,0,0,0,0,0,0,0
4443,merged,6,13,0,7,0,1,0,1,-13679,5.992310449541053e+307,0,5.992310449541053e+307,3,2,0,0,221521,1,101,68,153,68,0,0,0,0,0,0,0,0,0,0
4421,merged,2,7,0,5,0,1,0,1,-17604,5.992310449541053e+307,0,5.992310449541053e+307,3,2,0,0,78899,1,454,249,454,249,0,0,0,0,0,0,0,0,0,3
4417,merged,5,13,1,7,0,3,0,3,850203809,5.992310449541053e+307,0,5.992310449541053e+307,9,6,0,0,850499073,1,952,798,952,798,0,0,0,0,0,0,0,0,0,6
4416,merged,4,16,0,12,0,2,0,2,3553283,5.992310449541053e+307,0,5.992310449541053e+307,6,4,0,0,259722506,1,138,74,138,74,0,0,0,0,0,0,0,0,0,0
4415,merged,0,16,0,16,0,1,0,1,-10233.59,5.992310449541053e+307,0,5.992310449541053e+307,3,2,0,0,38187,1,153,166,153,166,0,0,0,0,0,0,0,0,0,0
4384,merged,0,14,2,12,0,1,0,1,-3725904,5.992310449541053e+307,0,5.992310449541053e+307,3,0,1,0,9417,1,152,94,152,94,0,0,0,0,0,0,0,0,0,0
